Brian Burlet,76.0,1985-02-01
Rita Paul,92.0,1993-02-01
Han Yenn,83.0,1965-02-01
Peter Pan,62.0,1987-02-03
sssss Burlet,96.0,1985-02-01
Rita dddd,92.0,1993-02-01
Han rrrrr,93.0,1965-02-01
rrrrr Pan,92.0,1987-02-03
refds Pan,92.0,1987-02-03
ttdgdf Pan,92.0,1987-02-03
daaaae Pan,92.0,1987-02-03
dddfsf Pan,92.0,1987-02-03
svxcv Pan,92.0,1987-02-03
sfssf Pan,92.0,1987-02-03
wrewev Pan,92.0,1987-02-03
sffddff Pan,92.0,1987-02-03
reewrw Pan,92.0,1987-02-03
yttryty Pan,92.0,1987-02-03
wer Pan,92.0,1987-02-03
eteddgfg Pan,92.0,1987-02-03
tetdgf Pan,92.0,1987-02-03
gfggdf Pan,92.0,1987-02-03
gfdgr Pan,92.0,1987-02-03
etf Pan,92.0,1987-02-03
